codigo_dane,municipio,Regresión logística,Bosque aleatorio,Gradient boosting
68001,Bucaramanga,0.2926817392298792,0.07138126173994508,0.07020715917285913
68013,Aguada,0.23373690767907077,0.04166904211438218,0.16416772543238733
68020,Albania,0.2482110338123912,0.02275647692335393,0.05545730959644476
68051,Aratoca,0.35948470335250726,0.1231860505002119,0.2539768381801663
68077,Barbosa,0.3280316024872077,0.1540458360258931,0.23499997707745288
68079,Barichara,0.27130391666451764,0.08213084795864478,0.11069988329778456
68081,Barrancabermeja,0.20817677021121633,0.05250252712469699,0.0923922769777149
68092,Betulia,0.12817918095450745,0.02566604940466145,0.0376802843214536
68101,Bolívar,0.3445648884062176,0.1553553800893422,0.23837115093495378
68121,Cabrera,0.25869068645677007,0.04039823441355335,0.06397249940544794
68132,California,0.39168175904412983,0.09552743251981372,0.17028167044035922
68147,Capitanejo,0.1903722274500836,0.019436958410853678,0.06498173807055757
68152,Carcasí,0.35958706315189753,0.06674495899238368,0.21759780722603558
68160,Cepitá,0.22431071006576056,0.16496215772604353,0.10093531074307417
68162,Cerrito,0.4205792557187582,0.1937016381858068,0.28476223750295193
68167,Charalá,0.28080713646135197,0.05958993781799992,0.07285434965024704
68169,Charta,0.33485194146478203,0.030738642278723464,0.09492823769118185
68176,Chima,0.3181661377933072,0.06107662376322059,0.1214942267898426
68179,Chipatá,0.28406785035992826,0.04347354526188919,0.09795962975368973
68190,Cimitarra,0.2155766400724715,0.070043233776306,0.04101816576366424
68207,Concepción,0.3423598984687252,0.09752758977826276,0.16596676677703828
68209,Confines,0.24588572141520573,0.07114560315612482,0.10215659512870356
68211,Contratación,0.2959886882323242,0.048565967706273055,0.12602842114638085
68217,Coromoro,0.23591860961303962,0.024230524142885124,0.10924356941600954
68229,Curití,0.2440847177086207,0.033951513565655685,0.11404486378339768
68235,El Carmen de Chucurí,0.19269468420811547,0.09277469986952869,0.10719713759128272
68245,El Guacamayo,0.23119270323658436,0.04644400737557966,0.0741366524445069
68250,El Peñón,0.3625795630267833,0.05380026272227838,0.1745333244623942
68255,El Playón,0.18414662089351438,0.03555813893394532,0.08129298208617734
68264,Encino,0.3038675854056688,0.1454695193291437,0.13751424137150767
68266,Enciso,0.1911350962935504,0.027448247280657635,0.07256096187199862
68271,Florián,0.2818213117055547,0.07915709501202517,0.1746227616772558
68276,Floridablanca,0.24752877367847678,0.039246476038753864,0.054805057174457175
68296,Galán,0.25229752199613786,0.10771366621307486,0.0806470515795712
68298,Gámbita,0.3706443385728272,0.053951918523062616,0.1627196808103453
68307,Girón,0.2510472895844809,0.09970224011261157,0.10804096603869187
68318,Guaca,0.4564677586916702,0.3341107883363496,0.4406522012015831
68320,Guadalupe,0.29838149897361793,0.055009442855931,0.09839928783077895
68322,Guapotá,0.3195944952716989,0.15179285617507973,0.2833881085397484
68324,Guavatá,0.3068722500252142,0.04745517418166273,0.19114318855545523
68327,Güepsa,0.3291772306607606,0.05532805136139841,0.19941429672111427
68344,Hato,0.22135256693892547,0.020080224342589385,0.0406658219189285
68368,Jesús María,0.3398279044709511,0.13387505612522146,0.11615358754563297
68370,Jordán,0.23601094834470934,0.027945973486699447,0.044061632641562466
68377,La Belleza,0.3971977462292934,0.1097832137969174,0.2214846476728098
68385,Landázuri,0.20513087211557846,0.03686629807631004,0.07689276486181824
68397,La Paz,0.4591922177850516,0.1735783190345026,0.28473849211414665
68406,Lebrija,0.21687460378505852,0.019913001562667995,0.03704422533795883
68418,Los Santos,0.1728915099770643,0.008429855817596843,0.046581585671318745
68425,Macaravita,0.2678903837303667,0.050528005078629,0.09092683855824997
68432,Málaga,0.3957992138898631,0.19528898772453995,0.18032582548040685
68444,Matanza,0.24184223250961132,0.04891401318598201,0.16416772543238733
68464,Mogotes,0.32148830540713774,0.0911935099441021,0.20256809750976368
68468,Molagavita,0.24540010354839883,0.026897312472672633,0.06584627753215025
68498,Ocamonte,0.32077893985350475,0.08421396475413061,0.19941429672111427
68500,Oiba,0.299795381465342,0.04333041786435641,0.08840936007466337
68502,Onzaga,0.3916535771101519,0.1028083635724964,0.2526269509141664
68522,Palmar,0.21359744798674254,0.028150270160035577,0.059927173019123994
68524,Palmas del Socorro,0.20920698385737235,0.0712838398876224,0.1013554315275325
68533,Páramo,0.2560238531380382,0.04359703664168706,0.08445080820638326
68547,Piedecuesta,0.19585600179991547,0.021244554757958563,0.035406637962358115
68549,Pinchote,0.28530963527359066,0.03531025532069958,0.04276893194582908
68572,Puente Nacional,0.2867458045909202,0.09736313050110204,0.1957824385965067
68573,Puerto Parra,0.19332800474743056,0.06540159258690185,0.044147551247226496
68575,Puerto Wilches,0.1603102342828123,0.07014243724996366,0.0863961256740087
68615,Rionegro,0.23515498401071352,0.034755620426812,0.047154905101021875
68655,Sabana de Torres,0.2217279588187345,0.07652298519430148,0.056330748675542525
68669,San Andrés,0.34415921472759753,0.0912488272750855,0.1968749908256692
68673,San Benito,0.3047493656272804,0.0708510531970245,0.1712464671726948
68679,San Gil,0.22280300470861214,0.007837607766205297,0.035017014340531415
68682,San Joaquín,0.3226018556571531,0.15147140477284726,0.183906469456951
68684,San José de Miranda,0.2790139157883539,0.11845678476347421,0.16825036674766963
68686,San Miguel,0.3047457346999085,0.03754963748580607,0.10277896524159771
68689,San Vicente de Chucurí,0.15624543490629547,0.017420240515642556,0.04948286049650468
68705,Santa Bárbara,0.3238362776137419,0.045261599007155796,0.14332545456692114
68720,Santa Helena del Opón,0.19032393991834695,0.08258003898538459,0.06356859767118657
68745,Simacota,0.24577569445208733,0.07798479915373338,0.04541148345790895
68755,Socorro,0.2400377715106338,0.059944320430972815,0.045069701742063796
68770,Suaita,0.2672960547009255,0.019973313255646732,0.10834621216417202
68773,Sucre,0.43766105870289357,0.15487846268570654,0.26619097203020625
68780,Suratá,0.36470397436334034,0.11523367763626441,0.16762421822004725
68820,Tona,0.3734181316924759,0.08908800790390742,0.22579586736995952
68855,Valle de San José,0.2528891327690958,0.07759603150531118,0.13159330376845724
68861,Vélez,0.32481545798297407,0.08931640967353842,0.163182670093073
68867,Vetas,0.5126251368603222,0.1912192424590353,0.19491463641149495
68872,Villanueva,0.24210853944770244,0.0049712539557087085,0.06488274798502215
68895,Zapatoca,0.3454228237851053,0.044254808077671175,0.19797741057498608
